machine,method,algorithm,iterations,start time (unix),stop time (unix),total time,time per iteration,baseline power,on-load power,total power used,joules per iteration,iterations per joule
,,,,,,,,,,,,
pizero,key generation,RSA-2048,100,1775827500,1775827900,400.399344,4.00399344,0.56376,0.94748,0.38372,1.536412363,0.650866931
pizero,key generation,ECDSA P-256,100,1775827972,1775827986,14.55582166,0.145558217,0.56378,0.901316,0.337536,0.049131138,20.35369089
pizero,key generation,X25519,100,1775829286,1775829301,14.45730186,0.144573019,0.56378,0.909586,0.345806,0.049994217,20.00231337
pizero,key generation,ECDH P-256,100,1775829428,1775829443,14.58897996,0.1458898,0.56376,0.9064,0.34264,0.049987681,20.00492884
pizero,key generation,ML-KEM-512,100,1775829644,1775829659,14.91849732,0.149184973,0.56376,0.910241,0.346481,0.051689759,19.34619207
pizero,key generation,ML-KEM-768,100,1775829721,1775829736,15.06177711,0.150617771,0.56376,0.915744,0.351984,0.053015046,18.86256985
pizero,key generation,ML-KEM-1024,100,1775829837,1775829852,15.22228122,0.152222812,0.56376,0.913599,0.349839,0.053253476,18.77811681
pizero,key generation,ML-DSA-44,100,1775830046,1775830061,15.35804629,0.153580463,0.56376,0.901872,0.338112,0.051927397,19.25765681
pizero,key generation,ML-DSA-65,100,1775830852,1775830867,15.77966881,0.157796688,0.56376,0.91714,0.35338,0.055762194,17.93329736
pizero,key generation,ML-DSA-87,100,1775830932,1775830949,16.31128883,0.163112888,0.56376,0.904639,0.340879,0.055601758,17.98504276
pizero,key generation,SLH-DSA-SHA2-128s,100,1775831002,1775831276,274.0322137,2.740322137,0.56376,0.898843,0.335083,0.918235363,1.089045402
pizero,key generation,SLH-DSA-SHA2-128f,100,1775831464,1775831483,18.87058783,0.188705878,0.56376,0.905203,0.341443,0.064432301,15.52016584
pizero,key generation,SLH-DSA-SHAKE-128s,100,1775831525,1775832001,475.959969,4.75959969,0.56376,0.940959,0.377199,1.795316244,0.557004931
pizero,key generation,SLH-DSA-SHA2-192s,100,1775832060,1775832460,399.725678,3.99725678,0.56376,0.917573,0.353813,1.414281413,0.707072858
pizero,key generation,SLH-DSA-SHA2-192f,100,1775832519,1775832540,20.82484508,0.208248451,0.56376,0.901531,0.337771,0.070340287,14.21660383
pizero,key generation,SLH-DSA-SHAKE-192s,100,1775832593,1775833282,688.7213104,6.887213104,0.56376,0.942609,0.378849,2.609213797,0.38325721
pizero,key generation,SLH-DSA-SHA2-256s,100,1775833330,1775833601,270.7279932,2.707279932,0.56376,0.902416,0.338656,0.916836593,1.090706902
pizero,key generation,SLH-DSA-SHA2-256f,100,1775833651,1775833682,30.87293148,0.308729315,0.56376,0.910003,0.346243,0.106895364,9.354942639
pizero,key generation,SLH-DSA-SHAKE-256s,100,1775833706,1775834163,457.1395104,4.571395104,0.56376,0.93553,0.37177,1.699507558,0.588405739
pizero,signatures,RSA-2048,100,1775834221,1775834235,13.59629822,0.135962982,0.56376,0.915881,0.352121,0.047875421,20.88754467
pizero,signatures,ECDSA P-256,100,1775834259,1775834266,7.598270655,0.075982707,0.56376,0.903495,0.339735,0.025813985,38.73869174
pizero,signatures,ML-DSA-44,100,1775834294,1775834303,8.993547916,0.089935479,0.56376,0.919123,0.355363,0.031959742,31.28936429
pizero,signatures,ML-DSA-65,100,1775834361,1775834371,9.509472609,0.095094726,0.56376,0.906041,0.342281,0.032549118,30.72279875
pizero,signatures,ML-DSA-87,100,1775834446,1775834457,10.8663497,0.108663497,0.56376,0.918404,0.354644,0.038536857,25.94918403
pizero,signatures,SLH-DSA-SHA2-128s,10,1775893834,1775894031,197.3400929,19.73400929,0.53676,0.902735,0.365975,7.22215405,0.138462845
pizero,signatures,SLH-DSA-SHA2-128f,10,1775894084,1775894094,10.29821539,1.029821539,0.53676,0.903403,0.366643,0.377576858,2.648467398
pizero,signatures,SLH-DSA-SHAKE-128s,10,1775894159,1775894513,354.0373282,35.40373282,0.53676,0.955826,0.419066,14.8365007,0.067401338
pizero,signatures,SLH-DSA-SHA2-192s,10,1775894577,1775894962,384.7628491,38.47628491,0.53676,0.903164,0.366404,14.0978647,0.070932728
pizero,signatures,SLH-DSA-SHA2-192f,10,1775894989,1775895007,17.41964197,1.741964197,0.53676,0.907561,0.370801,0.645922066,1.548174389
pizero,signatures,SLH-DSA-SHAKE-192s,10,1775895054,1775895671,616.6523223,61.66523223,0.53676,0.938331,0.401571,24.76296897,0.04038288
pizero,signatures,SLH-DSA-SHA2-256s,10,1775895719,1775896076,357.1581304,35.71581304,0.53676,0.907245,0.370485,13.23217299,0.075573377
pizero,signatures,SLH-DSA-SHA2-256f,10,1775896123,1775896159,35.77997208,3.577997208,0.53676,0.914281,0.377521,1.350769084,0.740318987
pizero,signatures,SLH-DSA-SHAKE-256s,10,1775896190,1775896731,540.6239493,54.06239493,0.53676,0.940151,0.403391,21.80828355,0.045854136
,,,,,,,,,,,,
pizero2,key generation,RSA-2048,100,1775832535,1775832614,78.25082493,0.782508249,0.64514,1.107406,0.462266,0.361726958,2.764516099
pizero2,key generation,ECDSA P-256,100,1775832661,1775832666,5.635332108,0.056353321,0.64514,1.251376,0.606236,0.034163412,29.27108104
pizero2,key generation,X25519,100,1775832908,1775832914,5.526988983,0.05526989,0.64514,1.275285,0.630145,0.034828045,28.71249327
pizero2,key generation,ECDH P-256,100,1775833029,1775833035,5.61333847,0.056133385,0.64514,1.325457,0.680317,0.038188496,26.18589648
pizero2,key generation,ML-KEM-512,100,1775833057,1775833063,5.74008894,0.057400889,0.64514,1.321882,0.676742,0.038845593,25.74294613
pizero2,key generation,ML-KEM-768,100,1775833094,1775833100,5.762468338,0.057624683,0.64514,1.29377,0.64863,0.037377098,26.75435075
pizero2,key generation,ML-KEM-1024,100,1775833123,1775833129,5.796864748,0.057968647,0.64514,1.300748,0.655608,0.038004709,26.31252877
pizero2,key generation,ML-DSA-44,100,1775833161,1775833167,5.919587374,0.059195874,0.64514,1.271421,0.626281,0.037073251,26.97362581
pizero2,key generation,ML-DSA-65,100,1775833206,1775833212,6.052751541,0.060527515,0.64514,1.282938,0.637798,0.038604328,25.90383112
pizero2,key generation,ML-DSA-87,100,1775833236,1775833242,6.269882202,0.062698822,0.64514,1.285751,0.640611,0.040165555,24.89695457
pizero2,key generation,SLH-DSA-SHA2-128s,100,1775833270,1775833362,91.95431066,0.919543107,0.64514,1.326485,0.681345,0.626526098,1.596102706
pizero2,key generation,SLH-DSA-SHA2-128f,100,1775833387,1775833394,7.063477993,0.07063478,0.64514,1.30173,0.65659,0.04637809,21.56190556
pizero2,key generation,SLH-DSA-SHAKE-128s,100,1775833439,1775833525,85.64102364,0.856410236,0.64514,1.256826,0.611686,0.523854152,1.90892827
pizero2,key generation,SLH-DSA-SHA2-192s,100,1775833559,1775833690,131.2225761,1.312225761,0.64514,1.333063,0.687923,0.902710282,1.107775129
pizero2,key generation,SLH-DSA-SHA2-192f,100,1775833736,1775833744,7.704528332,0.077045283,0.64514,1.285811,0.640671,0.049360679,20.25904072
pizero2,key generation,SLH-DSA-SHAKE-192s,100,1775833782,1775833904,121.9821489,1.219821489,0.64514,1.26928,0.62414,0.761339384,1.313474675
pizero2,key generation,SLH-DSA-SHA2-256s,100,1775834026,1775834114,88.13288832,0.881328883,0.64514,1.330417,0.685277,0.603954413,1.655754107
pizero2,key generation,SLH-DSA-SHA2-256f,100,1775834150,1775834161,10.88135409,0.108813541,0.64514,1.30667,0.66153,0.071983422,13.89208759
pizero2,key generation,SLH-DSA-SHAKE-256s,100,1775834186,1775834268,82.43755841,0.824375584,0.64514,1.265264,0.620124,0.511215085,1.956123811
pizero2,signatures,RSA-2048,100,1775834333,1775834337,4.258737564,0.042587376,0.64514,1.249554,0.604414,0.025740406,38.84942598
pizero2,signatures,ECDSA P-256,100,1775834400,1775834403,2.955987692,0.029559877,0.64514,1.293948,0.648808,0.019178685,52.14121926
pizero2,signatures,ML-DSA-44,100,1775834545,1775834548,3.4817276,0.034817276,0.64514,1.260265,0.615125,0.021416977,46.69193064
pizero2,signatures,ML-DSA-65,100,1775834673,1775834677,4.035043478,0.040350435,0.64514,1.258259,0.613119,0.024739618,40.42099563
pizero2,signatures,ML-DSA-87,100,1775834704,1775834708,4.336788654,0.043367887,0.64514,1.249208,0.604068,0.026197152,38.17208761
pizero2,signatures,SLH-DSA-SHA2-128s,100,1775834731,1775835389,657.6590447,6.576590447,0.64514,1.331161,0.686021,4.511679155,0.221646967
pizero2,signatures,SLH-DSA-SHA2-128f,100,1775835471,1775835505,34.41265178,0.344126518,0.64514,1.330709,0.685569,0.235922473,4.238680566
pizero2,signatures,SLH-DSA-SHAKE-128s,100,1775835533,1775836141,608.0836022,6.080836022,0.64514,1.276295,0.631155,3.837950059,0.260555761
pizero2,signatures,SLH-DSA-SHA2-192s,100,1775836197,1775837345,1147.455992,11.47455992,0.64514,1.34785,0.70271,8.063288003,0.124018887
pizero2,signatures,SLH-DSA-SHA2-192f,100,1775837382,1775837436,54.12305403,0.54123054,0.64514,1.319034,0.673894,0.364732014,2.741739037
pizero2,signatures,SLH-DSA-SHAKE-192s,100,1775837489,1775838540,1050.734648,10.50734648,0.64514,1.266499,0.621359,6.528834304,0.153166699
pizero2,signatures,SLH-DSA-SHA2-256s,100,1775838594,1775839603,1008.691215,10.08691215,0.64514,1.337299,0.692159,6.981747024,0.143230626
pizero2,signatures,SLH-DSA-SHA2-256f,100,1775839656,1775839764,107.6646512,1.076646512,0.64514,1.410925,0.765785,0.824479749,1.212886067
pizero2,signatures,SLH-DSA-SHAKE-256s,100,1775839800,1775840723,922.6690505,9.226690505,0.64514,1.281446,0.636306,5.870998528,0.170328777
,,,,,,,,,,,,
pi1,key generation,RSA-2048,100,1775827934,1775828571,637.5292706,6.375292706,2.287313,2.485811,0.198498,1.265482852,0.790212209
pi1,key generation,ECDSA P-256,100,1775829239,1775829262,22.51934934,0.225193493,2.287313,2.498612,0.211299,0.04758316,21.0158384
pi1,key generation,X25519,100,1775829379,1775829401,22.63152671,0.226315267,2.287313,2.499671,0.212358,0.048059857,20.80738588
pi1,key generation,ECDH P-256,100,1775829503,1775829526,22.57085323,0.225708532,2.287313,2.501109,0.213796,0.048255581,20.72299144
pi1,key generation,ML-KEM-512,100,1775829616,1775829639,23.28103137,0.232810314,2.287313,2.510051,0.222738,0.051855704,19.28428176
pi1,key generation,ML-KEM-768,100,1775829675,1775829699,23.3043704,0.233043704,2.287313,2.502822,0.215509,0.050223016,19.91118988
pi1,key generation,ML-KEM-1024,100,1775829798,1775829822,23.69892573,0.236989257,2.287313,2.525919,0.238606,0.056547059,17.68438576
pi1,key generation,ML-DSA-44,100,1775830000,1775830024,23.79262471,0.237926247,2.287313,2.508015,0.220702,0.052510799,19.043702
pi1,key generation,ML-DSA-65,100,1775830798,1775830822,24.35974336,0.243597434,2.287313,2.505038,0.217725,0.053037251,18.85467246
pi1,key generation,ML-DSA-87,100,1775830887,1775830912,25.26001692,0.252600169,2.287313,2.508772,0.221459,0.055940581,17.87611041
pi1,key generation,SLH-DSA-SHA2-128s,100,1775830964,1775831338,373.3216617,3.733216617,2.287313,2.481749,0.194436,0.725871706,1.377653918
pi1,key generation,SLH-DSA-SHA2-128f,100,1775831427,1775831455,28.5415051,0.285415051,2.287313,2.497972,0.210659,0.060125249,16.63194769
pi1,key generation,SLH-DSA-SHAKE-128s,100,1775831493,1775832221,728.4686182,7.284686182,2.287313,2.483083,0.19577,1.426123014,0.701201783
pi1,key generation,SLH-DSA-SHA2-192s,100,1775832248,1775832791,543.0935707,5.430935707,2.287313,2.476791,0.189478,1.029042836,0.971776845
pi1,key generation,SLH-DSA-SHA2-192f,100,1775832868,1775832900,31.38988256,0.313898826,2.287313,2.49581,0.208497,0.065446963,15.2795477
pi1,key generation,SLH-DSA-SHAKE-192s,100,1775832947,1775833999,1052.112324,10.52112324,2.287313,2.482482,0.195169,2.053397102,0.486997863
pi1,key generation,SLH-DSA-SHA2-256s,100,1775834065,1775834423,358.4966991,3.584966991,2.287313,2.471281,0.183968,0.659519207,1.516256068
pi1,key generation,SLH-DSA-SHA2-256f,100,1775834506,1775834551,44.19178295,0.44191783,2.287313,2.488389,0.201076,0.088859069,11.25377528
pi1,key generation,SLH-DSA-SHAKE-256s,100,1775834631,1775835336,704.9345493,7.049345493,2.287313,2.482489,0.195176,1.375863056,0.726816521
pi1,signatures,RSA-2048,100,1775835363,1775835384,20.5886302,0.205886302,2.287313,2.499069,0.211756,0.04359766,22.93701096
pi1,signatures,ECDSA P-256,100,1775835441,1775835453,11.66546655,0.116654665,2.287313,2.504897,0.217584,0.025382189,39.39770563
pi1,signatures,ML-DSA-44,100,1775835500,1775835514,13.65511179,0.136551118,2.287313,2.509281,0.221968,0.030309979,32.99243511
pi1,signatures,ML-DSA-65,100,1775835578,1775835593,14.78194284,0.147819428,2.287313,2.505866,0.218553,0.03230638,30.9536387
pi1,signatures,ML-DSA-87,100,1775835626,1775835642,16.16456413,0.161645641,2.287313,2.515829,0.228516,0.036938615,27.07194057
pi1,signatures,SLH-DSA-SHA2-128s,10,1775893797,1775894069,272.1563063,27.21563063,2.287313,2.476005,0.188692,5.135371774,0.194727869
pi1,signatures,SLH-DSA-SHA2-128f,10,1775894125,1775894139,14.14931297,1.414931297,2.287313,2.482176,0.194863,0.275717757,3.626897337
pi1,signatures,SLH-DSA-SHAKE-128s,10,1775894195,1775894738,542.431211,54.2431211,2.287313,2.491904,0.204591,11.09765439,0.090109132
pi1,signatures,SLH-DSA-SHA2-192s,10,1775894777,1775895301,524.6411622,52.46411622,2.287313,2.469923,0.18261,9.580472262,0.104378988
pi1,signatures,SLH-DSA-SHA2-192f,10,1775895335,1775895360,24.5650146,2.45650146,2.287313,2.476514,0.189201,0.464772533,2.151590143
pi1,signatures,SLH-DSA-SHAKE-192s,10,1775895408,1775896364,955.4784954,95.54784954,2.287313,2.483656,0.196343,18.76015142,0.053304474
pi1,signatures,SLH-DSA-SHA2-256s,10,1775896409,1775896901,491.6218371,49.16218371,2.287313,2.472756,0.185443,9.116782834,0.109687816
pi1,signatures,SLH-DSA-SHA2-256f,10,1775896935,1775896982,47.05981588,4.705981588,2.287313,2.474857,0.187544,0.882578611,1.133043547
pi1,signatures,SLH-DSA-SHAKE-256s,10,1775897053,1775897874,820.9372895,82.09372895,2.287313,2.486569,0.199256,16.35766806,0.061133408
,,,,,,,,,,,,
pi2,key generation,RSA-2048,100,1775900935,1775901285,349.5709996,3.495709996,1.748954,2.116956,0.368002,1.28642827,0.777346101
pi2,key generation,ECDSA P-256,100,1775901310,1775901320,9.377918959,0.09377919,1.748954,2.168383,0.419429,0.039333712,25.42348425
pi2,key generation,X25519,100,1775901348,1775901357,9.105439186,0.091054392,1.748954,2.165876,0.416922,0.037962579,26.34172973
pi2,key generation,ECDH P-256,100,1775901393,1775901403,9.24628973,0.092462897,1.748954,2.159873,0.410919,0.037994761,26.31941789
pi2,key generation,ML-KEM-512,100,1775901431,1775901441,9.421560526,0.094215605,1.748954,2.171007,0.422053,0.039763979,25.14838879
pi2,key generation,ML-KEM-768,100,1775901464,1775901474,9.522767067,0.095227671,1.748954,2.188422,0.439468,0.041849514,23.89514011
pi2,key generation,ML-KEM-1024,100,1775901512,1775901522,9.653680086,0.096536801,1.748954,2.160417,0.411463,0.039721322,25.17539592
pi2,key generation,ML-DSA-44,100,1775901553,1775901563,9.862776995,0.09862777,1.748954,2.166502,0.417548,0.041181828,24.28255487
pi2,key generation,ML-DSA-65,100,1775901586,1775901596,10.30038548,0.103003855,1.748954,2.22545,0.476496,0.049080925,20.37451423
pi2,key generation,ML-DSA-87,100,1775901617,1775901628,10.87338591,0.108733859,1.748954,2.158878,0.409924,0.044572618,22.43529851
pi2,key generation,SLH-DSA-SHA2-128s,100,1775901666,1775901879,212.4874377,2.124874377,1.748954,2.082771,0.333817,0.70931919,1.409802546
pi2,key generation,SLH-DSA-SHA2-128f,100,1775901905,1775901917,12.53135967,0.125313597,1.748954,2.149962,0.401008,0.050251755,19.89980259
pi2,key generation,SLH-DSA-SHAKE-128s,100,1775901943,1775902391,448.5749049,4.485749049,1.748954,2.103256,0.354302,1.58930986,0.629203924
pi2,key generation,SLH-DSA-SHA2-192s,100,1775902433,1775902746,313.2093115,3.132093115,1.748954,2.082638,0.333684,1.045129359,0.956819356
pi2,key generation,SLH-DSA-SHA2-192f,100,1775902772,1775902786,14.06944752,0.140694475,1.748954,2.1395,0.390546,0.054947665,18.19913565
pi2,key generation,SLH-DSA-SHAKE-192s,100,1775902807,1775903460,652.1575904,6.521575904,1.748954,2.101508,0.352554,2.299207671,0.434932439
pi2,key generation,SLH-DSA-SHA2-256s,100,1775903565,1775903773,207.2649062,2.072649062,1.748954,2.086215,0.337261,0.699023695,1.43056667
pi2,key generation,SLH-DSA-SHA2-256f,100,1775904063,1775904084,21.76344228,0.217634423,1.748954,2.124793,0.375839,0.081795504,12.22561086
pi2,key generation,SLH-DSA-SHAKE-256s,100,1775904116,1775904552,435.5651538,4.355651538,1.748954,2.098876,0.349922,1.524138298,0.656108439
pi2,signatures,RSA-2048,100,1775904594,1775904604,10.22739482,0.102273948,1.748954,2.170092,0.421138,0.043071446,23.21723771
pi2,signatures,ECDSA P-256,100,1775904624,1775904629,4.82948637,0.048294864,1.748954,2.175651,0.426697,0.020607273,48.52655554
pi2,signatures,ML-DSA-44,100,1775904649,1775904655,6.054775476,0.060547755,1.748954,2.164105,0.415151,0.025136461,39.78284781
pi2,signatures,ML-DSA-65,100,1775904685,1775904691,6.881282806,0.068812828,1.748954,2.151593,0.402639,0.027706728,36.09231628
pi2,signatures,ML-DSA-87,100,1775904721,1775904729,7.722115755,0.077221158,1.748954,2.139484,0.39053,0.030157179,33.15960062
pi2,signatures,SLH-DSA-SHA2-128s,10,1775904761,1775904918,156.6212921,15.66212921,1.748954,2.077011,0.328057,5.138071123,0.194625566
pi2,signatures,SLH-DSA-SHA2-128f,10,1775904995,1775905003,8.024791002,0.8024791,1.748954,2.08677,0.337816,0.27109028,3.688808027
pi2,signatures,SLH-DSA-SHAKE-128s,10,1775905065,1775905398,333.7309563,33.37309563,1.748954,2.097391,0.348437,11.62842132,0.085996196
pi2,signatures,SLH-DSA-SHA2-192s,10,1775905463,1775905776,312.9903033,31.29903033,1.748954,2.080016,0.331062,10.36191958,0.096507215
pi2,signatures,SLH-DSA-SHA2-192f,10,1775905820,1775905834,13.91191292,1.391191292,1.748954,2.083051,0.334097,0.464792837,2.151496151
pi2,signatures,SLH-DSA-SHAKE-192s,10,1775905908,1775906484,576.642518,57.6642518,1.748954,2.08982,0.340866,19.65578286,0.050875613
pi2,signatures,SLH-DSA-SHA2-256s,10,1775906525,1775906819,294.4032378,29.44032378,1.748954,2.075405,0.326451,9.610823139,0.10404936
pi2,signatures,SLH-DSA-SHA2-256f,10,1775906867,1775906896,28.55046701,2.855046701,1.748954,2.080163,0.331209,0.945617163,1.057510417
pi2,signatures,SLH-DSA-SHAKE-256s,10,1775906963,1775907470,507.5086446,50.75086446,1.748954,2.089446,0.340492,17.28026334,0.057869488
,,,,,,,,,,,,
pi2b,key generation,RSA-2048,100,1775909037,1775909128,90.98609257,0.909860926,1.738198,2.086965,0.348767,0.317329465,3.151298914
pi2b,key generation,ECDSA P-256,100,1775909169,1775909175,6.546435595,0.065464356,1.738198,2.244625,0.506427,0.033152917,30.16325798
pi2b,key generation,X25519,100,1775909198,1775909204,6.444392443,0.064443924,1.738198,2.250295,0.512097,0.03300154,30.30161589
pi2b,key generation,ECDH P-256,100,1775909228,1775909235,6.501244783,0.065012448,1.738198,2.270013,0.531815,0.034574595,28.9229708
pi2b,key generation,ML-KEM-512,100,1775909286,1775909293,6.71656847,0.067165685,1.738198,2.269053,0.530855,0.03565524,28.04636885
pi2b,key generation,ML-KEM-768,100,1775909323,1775909330,6.719049454,0.067190495,1.738198,2.268619,0.530421,0.035639249,28.05895241
pi2b,key generation,ML-KEM-1024,100,1775909359,1775909365,6.893841982,0.06893842,1.738198,2.252541,0.514343,0.035457994,28.20238532
pi2b,key generation,ML-DSA-44,100,1775909388,1775909394,6.887551546,0.068875515,1.738198,2.261777,0.523579,0.036061774,27.73019468
pi2b,key generation,ML-DSA-65,100,1775909431,1775909438,7.001323938,0.070013239,1.738198,2.273335,0.535137,0.037466675,26.69038561
pi2b,key generation,ML-DSA-87,100,1775909468,1775909476,7.259649992,0.0725965,1.738198,2.264631,0.526433,0.038217193,26.16623345
pi2b,key generation,SLH-DSA-SHA2-128s,100,1775909500,1775909603,103.3470106,1.033470106,1.738198,2.272464,0.534266,0.55214794,1.811108814
pi2b,key generation,SLH-DSA-SHA2-128f,100,1775909693,1775909701,8.197085142,0.081970851,1.738198,2.264372,0.526174,0.043130931,23.18521724
pi2b,key generation,SLH-DSA-SHAKE-128s,100,1775909748,1775909844,95.92743349,0.959274335,1.738198,2.223256,0.485058,0.46530369,2.14913404
pi2b,key generation,SLH-DSA-SHA2-192s,100,1775910087,1775910234,147.1048918,1.471048918,1.738198,2.276274,0.538076,0.791536117,1.263366229
pi2b,key generation,SLH-DSA-SHA2-192f,100,1775910312,1775910321,8.876312971,0.08876313,1.738198,2.267104,0.528906,0.046947352,21.30045593
pi2b,key generation,SLH-DSA-SHAKE-192s,100,1775910354,1775910491,136.9542103,1.369542103,1.738198,2.224064,0.485866,0.665413943,1.502823934
pi2b,key generation,SLH-DSA-SHA2-256s,100,1775910674,1775910773,98.99069786,0.989906979,1.738198,2.277981,0.539783,0.534334959,1.871485262
pi2b,key generation,SLH-DSA-SHA2-256f,100,1775910954,1775910967,12.47123194,0.124712319,1.738198,2.276317,0.538119,0.067110069,14.90089373
pi2b,key generation,SLH-DSA-SHAKE-256s,100,1775910999,1775911092,92.76355314,0.927635531,1.738198,2.227838,0.48964,0.454207462,2.201637103
pi2b,signatures,RSA-2048,100,1775913063,1775913068,4.907960415,0.049079604,1.738198,2.211839,0.473641,0.023246113,43.01794494
pi2b,signatures,ECDSA P-256,100,1775913086,1775913089,3.408666134,0.034086661,1.738198,2.277954,0.539756,0.01839848,54.35231613
pi2b,signatures,ML-DSA-44,100,1775913108,1775913112,4.158845425,0.041588454,1.738198,2.262681,0.524483,0.021812437,45.8454041
pi2b,signatures,ML-DSA-65,100,1775913143,1775913147,4.520419598,0.045204196,1.738198,2.24104,0.502842,0.022730568,43.99362067
pi2b,signatures,ML-DSA-87,100,1775913176,1775913181,4.925185919,0.049251859,1.738198,2.228635,0.490437,0.024154934,41.39940922
pi2b,signatures,SLH-DSA-SHA2-128s,10,1775913220,1775913293,73.56565452,7.356565452,1.738198,2.281153,0.542955,3.994283995,0.250357762
pi2b,signatures,SLH-DSA-SHA2-128f,10,1775913340,1775913344,3.874829054,0.387482905,1.738198,2.281027,0.542829,0.210336958,4.75427623
pi2b,signatures,SLH-DSA-SHAKE-128s,10,1775913366,1775913434,68.15182281,6.815182281,1.738198,2.223027,0.484829,3.30419801,0.302645301
pi2b,signatures,SLH-DSA-SHA2-192s,10,1775913462,1775913591,128.6081815,12.86081815,1.738198,2.279675,0.541477,6.963837228,0.143598991
pi2b,signatures,SLH-DSA-SHA2-192f,10,1775913611,1775913617,6.081049442,0.608104944,1.738198,2.277413,0.539215,0.327899308,3.049716718
pi2b,signatures,SLH-DSA-SHAKE-192s,10,1775913640,1775913758,117.8954432,11.78954432,1.738198,2.224293,0.486095,5.730838546,0.174494534
pi2b,signatures,SLH-DSA-SHA2-256s,10,1775913793,1775913906,113.0806787,11.30806787,1.738198,2.279758,0.54156,6.123997236,0.16329204
pi2b,signatures,SLH-DSA-SHA2-256f,10,1775913946,1775913959,12.08405423,1.208405423,1.738198,2.281476,0.543278,0.656500081,1.523229057
pi2b,signatures,SLH-DSA-SHAKE-256s,10,1775914036,1775914139,103.4069998,10.34069998,1.738198,2.281476,0.543278,5.617874805,0.178003255
,,,,,,,,,,,,
pi3,key generation,RSA-2048,100,1775831206,1775831263,57.01861548,0.570186155,0.959219,1.823507,0.864288,0.492805051,2.029199979
pi3,key generation,ECDSA P-256,100,1775831288,1775831293,4.41718173,0.044171817,0.959219,1.986932,1.027713,0.045395951,22.02839638
pi3,key generation,X25519,100,1775831314,1775831318,4.324185371,0.043241854,0.959219,1.96442,1.005201,0.043466755,23.00608843
pi3,key generation,ECDH P-256,100,1775831347,1775831352,4.38547039,0.043854704,0.959219,1.953081,0.993862,0.043585524,22.94339759
pi3,key generation,ML-KEM-512,100,1775831377,1775831381,4.502362013,0.04502362,0.959219,1.909264,0.950045,0.042774465,23.37843374
pi3,key generation,ML-KEM-768,100,1775831559,1775831563,4.543756723,0.045437567,0.959219,1.915307,0.956088,0.043442313,23.01903227
pi3,key generation,ML-KEM-1024,100,1775831606,1775831610,4.55659771,0.045565977,0.959219,1.922507,0.963288,0.043893159,22.78259355
pi3,key generation,ML-DSA-44,100,1775831652,1775831656,4.64304018,0.046430402,0.959219,1.914547,0.955328,0.044356263,22.54473066
pi3,key generation,ML-DSA-65,100,1775831687,1775831692,4.771879911,0.047718799,0.959219,1.934165,0.974946,0.046523252,21.49462796
pi3,key generation,ML-DSA-87,100,1775831724,1775831729,4.914838076,0.049148381,0.959219,1.935919,0.9767,0.048003223,20.83193435
pi3,key generation,SLH-DSA-SHA2-128s,100,1775831760,1775831826,65.94489551,0.659448955,0.959219,1.915215,0.955996,0.630430563,1.586217513
pi3,key generation,SLH-DSA-SHA2-128f,100,1775831852,1775831858,5.494520664,0.054945207,0.959219,1.915347,0.956128,0.052534651,19.03505572
pi3,key generation,SLH-DSA-SHAKE-128s,100,1775831888,1775831950,61.24956989,0.612495699,0.959219,1.90804,0.948821,0.581148782,1.720729754
pi3,key generation,SLH-DSA-SHA2-192s,100,1775831985,1775832079,93.81541777,0.938154178,0.959219,1.941351,0.982132,0.921391239,1.08531529
pi3,key generation,SLH-DSA-SHA2-192f,100,1775832122,1775832128,5.914698839,0.059146988,0.959219,1.932419,0.9732,0.057561849,17.37261772
pi3,key generation,SLH-DSA-SHAKE-192s,100,1775832183,1775832270,87.38607669,0.873860767,0.959219,1.930148,0.970929,0.848456761,1.178610445
pi3,key generation,SLH-DSA-SHA2-256s,100,1775832327,1775832391,63.28763509,0.632876351,0.959219,1.944971,0.985752,0.623859129,1.602925972
pi3,key generation,SLH-DSA-SHA2-256f,100,1775832426,1775832434,8.194774866,0.081947749,0.959219,1.959362,1.000143,0.081959467,12.20115301
pi3,key generation,SLH-DSA-SHAKE-256s,100,1775832489,1775832548,59.2336688,0.592336688,0.959219,1.949466,0.990247,0.586559628,1.704856509
pi3,signatures,RSA-2048,100,1775832630,1775832634,3.255656004,0.03255656,0.959219,1.931676,0.972457,0.031659855,31.58574192
pi3,signatures,ECDSA P-256,100,1775832692,1775832695,2.338861704,0.023388617,0.959219,1.989691,1.030472,0.024101315,41.49151202
pi3,signatures,ML-DSA-44,100,1775832727,1775832730,2.766745806,0.027667458,0.959219,1.985795,1.026576,0.028402748,35.20786035
pi3,signatures,ML-DSA-65,100,1775832761,1775832764,3.085758924,0.030857589,0.959219,1.924327,0.965108,0.029780906,33.57856178
pi3,signatures,ML-DSA-87,100,1775832829,1775832832,3.230623245,0.032306232,0.959219,1.944126,0.984907,0.031818634,31.42812431
pi3,signatures,SLH-DSA-SHA2-128s,100,1775832980,1775833448,468.4145482,4.684145482,0.959219,1.940915,0.981696,4.598406883,0.21746662
pi3,signatures,SLH-DSA-SHA2-128f,100,1775833525,1775833550,24.79831743,0.247983174,0.959219,1.925525,0.966306,0.239627629,4.173141483
pi3,signatures,SLH-DSA-SHAKE-128s,100,1775833614,1775834048,433.3015437,4.333015437,0.959219,1.921778,0.962559,4.170783006,0.239763133
pi3,signatures,SLH-DSA-SHA2-192s,100,1775834114,1775834932,817.8472664,8.178472664,0.959219,1.925317,0.966098,7.901206084,0.126562956
pi3,signatures,SLH-DSA-SHA2-192f,100,1775834970,1775835008,38.86018252,0.388601825,0.959219,1.950697,0.991478,0.38529016,2.595446504
pi3,signatures,SLH-DSA-SHAKE-192s,100,1775835062,1775835811,749.2086904,7.492086904,0.959219,1.943583,0.984364,7.374940633,0.135594312
pi3,signatures,SLH-DSA-SHA2-256s,100,1775835846,1775836564,718.8872423,7.188872423,0.959219,1.970374,1.011155,7.269064295,0.137569288
pi3,signatures,SLH-DSA-SHA2-256f,100,1775836602,1775836679,77.20214963,0.772021496,0.959219,1.941236,0.982017,0.758138234,1.319020669
pi3,signatures,SLH-DSA-SHAKE-256s,100,1775836705,1775837363,657.8820329,6.578820329,0.959219,1.931738,0.972519,6.398027767,0.156298165
,,,,,,,,,,,,
pi4,key generation,RSA-2048,100,1775822569,1775822604,35.26278543,0.352627854,1.570606,2.578321,1.007715,0.355348378,2.81413976
pi4,key generation,ECDSA P-256,100,1775822643,1775822645,2.466069221,0.024660692,1.570606,2.890593,1.319987,0.032551793,30.72027387
pi4,key generation,X25519,100,1775822689,1775822692,2.391525984,0.02391526,1.570606,2.967646,1.39704,0.033410575,29.93064357
pi4,key generation,ECDH P-256,100,1775822722,1775822724,2.427581787,0.024275818,1.570606,2.88552,1.314914,0.031920613,31.32771939
pi4,key generation,ML-KEM-512,100,1775822757,1775822759,2.476438999,0.02476439,1.570606,2.96483,1.394224,0.034527107,28.96275103
pi4,key generation,ML-KEM-768,100,1775822791,1775822794,2.488823652,0.024888237,1.570606,2.983366,1.41276,0.035161105,28.44051685
pi4,key generation,ML-KEM-1024,100,1775822843,1775822846,2.508616447,0.025086164,1.570606,2.977697,1.407091,0.035298516,28.32980267
pi4,key generation,ML-DSA-44,100,1775822873,1775822876,2.549600363,0.025496004,1.570606,2.931429,1.360823,0.034695548,28.82214156
pi4,key generation,ML-DSA-65,100,1775822905,1775822908,2.685709715,0.026857097,1.570606,3.006834,1.436228,0.038572915,25.92492691
pi4,key generation,ML-DSA-87,100,1775822949,1775822952,2.66472578,0.026647258,1.570606,2.924168,1.353562,0.036068716,27.72485752
pi4,key generation,SLH-DSA-SHA2-128s,100,1775822982,1775823015,32.41337848,0.324133785,1.570606,2.993521,1.422915,0.461214824,2.16818703
pi4,key generation,SLH-DSA-SHA2-128f,100,1775823043,1775823046,2.969686031,0.02969686,1.570606,2.940057,1.369451,0.040668395,24.58911886
pi4,key generation,SLH-DSA-SHAKE-128s,100,1775823067,1775823102,35.88268995,0.3588269,1.570606,2.803818,1.233212,0.442509638,2.259837782
pi4,key generation,SLH-DSA-SHA2-192s,100,1775823140,1775823186,46.40865946,0.464086595,1.570606,2.974378,1.403772,0.651471767,1.534985936
pi4,key generation,SLH-DSA-SHA2-192f,100,1775823220,1775823223,3.157778502,0.031577785,1.570606,2.959449,1.388843,0.043856586,22.80159261
pi4,key generation,SLH-DSA-SHAKE-192s,100,1775823251,1775823302,51.14275026,0.511427503,1.570606,2.816114,1.245508,0.636987046,1.569890638
pi4,key generation,SLH-DSA-SHA2-256s,100,1775823332,1775823363,31.36960554,0.313696055,1.570606,3.004403,1.433797,0.449776463,2.223326656
pi4,key generation,SLH-DSA-SHA2-256f,100,1775823393,1775823397,4.282641888,0.042826419,1.570606,3.018874,1.448268,0.062024132,16.12275686
pi4,key generation,SLH-DSA-SHAKE-256s,100,1775823427,1775823462,34.58225965,0.345822597,1.570606,2.871086,1.30048,0.44973537,2.223529804
pi4,signatures,RSA-2048,100,1775823493,1775823495,1.943701506,0.019437015,1.570606,2.878024,1.307418,0.025412303,39.35101774
pi4,signatures,ECDSA P-256,100,1775823524,1775823525,1.361383677,0.013613837,1.570606,3.019578,1.448972,0.019726068,50.69433936
pi4,signatures,ML-DSA-44,100,1775823568,1775823570,1.556657791,0.015566578,1.570606,2.854507,1.283901,0.019985945,50.03516234
pi4,signatures,ML-DSA-65,100,1775823609,1775823611,1.742378712,0.017423787,1.570606,2.966966,1.39636,0.024329879,41.10172453
pi4,signatures,ML-DSA-87,100,1775823649,1775823651,1.830137253,0.018301373,1.570606,2.932122,1.361516,0.024917612,40.13225743
pi4,signatures,SLH-DSA-SHA2-128s,100,1775824918,1775825148,229.2515771,2.292515771,1.570606,2.977717,1.407111,3.22582416,0.309998298
pi4,signatures,SLH-DSA-SHA2-128f,100,1775825191,1775825203,12.33998036,0.123399804,1.570606,2.972381,1.401775,0.17297876,5.781056596
pi4,signatures,SLH-DSA-SHAKE-128s,100,1775825233,1775825489,256.1605525,2.561605525,1.570606,2.830321,1.259715,3.226892904,0.309895627
pi4,signatures,SLH-DSA-SHA2-192s,100,1775825527,1775825933,406.3637798,4.063637798,1.570606,3.015367,1.444761,5.870985408,0.170329158
pi4,signatures,SLH-DSA-SHA2-192f,100,1775825978,1775825997,19.4843843,0.194843843,1.570606,2.951634,1.381028,0.269084803,3.716300548
pi4,signatures,SLH-DSA-SHAKE-192s,100,1775826583,1775827024,440.8552017,4.408552017,1.570606,2.811693,1.241087,5.471396597,0.182768692
pi4,signatures,SLH-DSA-SHA2-256s,100,1775827088,1775827447,358.381948,3.58381948,1.570606,3.000547,1.429941,5.124650411,0.195135262
pi4,signatures,SLH-DSA-SHA2-256f,100,1775827487,1775827525,38.3431921,0.383431921,1.570606,2.962679,1.392073,0.533765225,1.873482861
pi4,signatures,SLH-DSA-SHAKE-256s,100,1775827599,1775827986,386.346638,3.86346638,1.570606,2.807194,1.236588,4.777516163,0.209313787
,,,,,,,,,,,,
MacBookAir,key generation,RSA-2048,100,1775839466,1775839472,5.759809017,0.05759809,,,,,
MacBookAir,key generation,ECDSA P-256,100,1775839486,1775839487,1.242597103,0.012425971,,,,,
MacBookAir,key generation,X25519,100,1775839499,1775839500,1.177765846,0.011777658,,,,,
MacBookAir,key generation,ECDH P-256,100,1775839521,1775839523,1.225550175,0.012255502,,,,,
MacBookAir,key generation,ML-KEM-512,100,1775839538,1775839539,1.234700918,0.012347009,,,,,
MacBookAir,key generation,ML-KEM-768,100,1775839553,1775839554,1.237864971,0.01237865,,,,,
MacBookAir,key generation,ML-KEM-1024,100,1775839568,1775839569,1.24290204,0.01242902,,,,,
MacBookAir,key generation,ML-DSA-44,100,1775839580,1775839582,1.246963978,0.01246964,,,,,
MacBookAir,key generation,ML-DSA-65,100,1775839597,1775839598,1.260182858,0.012601829,,,,,
MacBookAir,key generation,ML-DSA-87,100,1775839610,1775839612,1.274945021,0.01274945,,,,,
MacBookAir,key generation,SLH-DSA-SHA2-128s,100,1775839696,1775839700,3.903486252,0.039034863,,,,,
MacBookAir,key generation,SLH-DSA-SHA2-128f,100,1775839714,1775839716,1.270345926,0.012703459,,,,,
MacBookAir,key generation,SLH-DSA-SHAKE-128s,100,1775839737,1775839746,8.506215096,0.085062151,,,,,
MacBookAir,key generation,SLH-DSA-SHA2-192s,100,1775839760,1775839765,5.105163813,0.051051638,,,,,
MacBookAir,key generation,SLH-DSA-SHA2-192f,100,1775839834,1775839835,1.289626837,0.012896268,,,,,
MacBookAir,key generation,SLH-DSA-SHAKE-192s,100,1775839862,1775839874,11.99640107,0.119964011,,,,,
MacBookAir,key generation,SLH-DSA-SHA2-256s,100,1775839888,1775839892,3.779427767,0.037794278,,,,,
MacBookAir,key generation,SLH-DSA-SHA2-256f,100,1775839907,1775839909,1.420475245,0.014204752,,,,,
MacBookAir,key generation,SLH-DSA-SHAKE-256s,100,1775839920,1775839929,8.315044165,0.083150442,,,,,
MacBookAir,signatures,RSA-2048,100,1775839947,1775839948,0.720376968,0.00720377,,,,,
MacBookAir,signatures,ECDSA P-256,100,1775839964,1775839965,0.642595053,0.006425951,,,,,
MacBookAir,signatures,ML-DSA-44,100,1775839984,1775839985,0.689507008,0.00689507,,,,,
MacBookAir,signatures,ML-DSA-65,100,1775840002,1775840003,0.718020201,0.007180202,,,,,
MacBookAir,signatures,ML-DSA-87,100,1775840021,1775840022,0.73995018,0.007399502,,,,,
MacBookAir,signatures,SLH-DSA-SHA2-128s,100,1775840035,1775840056,20.95699,0.2095699,,,,,
MacBookAir,signatures,SLH-DSA-SHA2-128f,100,1775840071,1775840073,1.615844011,0.01615844,,,,,
MacBookAir,signatures,SLH-DSA-SHAKE-128s,100,1775840086,1775840142,56.07768297,0.56077683,,,,,
MacBookAir,signatures,SLH-DSA-SHA2-192s,100,1775840157,1775840196,38.74457908,0.387445791,,,,,
MacBookAir,signatures,SLH-DSA-SHA2-192f,100,1775840211,1775840213,2.305307865,0.023053079,,,,,
MacBookAir,signatures,SLH-DSA-SHAKE-192s,100,1775840228,1775840326,97.8294189,0.978294189,,,,,
MacBookAir,signatures,SLH-DSA-SHA2-256s,100,1775840347,1775840383,35.56976795,0.35569768,,,,,
MacBookAir,signatures,SLH-DSA-SHA2-256f,100,1775840399,1775840403,4.07557106,0.040755711,,,,,
MacBookAir,signatures,SLH-DSA-SHAKE-256s,100,1775840420,1775840505,85.57181525,0.855718153,,,,,
,,,,,,,,,,,,
Thinkpad-Intel,key generation,RSA-2048,100,1775907376,1775907381,5.382231951,0.05382232,,,,,
Thinkpad-Intel,key generation,ECDSA P-256,100,1775907389,1775907390,1.044118643,0.010441186,,,,,
Thinkpad-Intel,key generation,X25519,100,1775907413,1775907414,1.106539726,0.011065397,,,,,
Thinkpad-Intel,key generation,ECDH P-256,100,1775907421,1775907422,1.142499447,0.011424994,,,,,
Thinkpad-Intel,key generation,ML-KEM-512,100,1775907431,1775907433,1.080096006,0.01080096,,,,,
Thinkpad-Intel,key generation,ML-KEM-768,100,1775907443,1775907444,1.167750835,0.011677508,,,,,
Thinkpad-Intel,key generation,ML-KEM-1024,100,1775907453,1775907455,1.006397486,0.010063975,,,,,
Thinkpad-Intel,key generation,ML-DSA-44,100,1775907466,1775907467,0.988763332,0.009887633,,,,,
Thinkpad-Intel,key generation,ML-DSA-65,100,1775907477,1775907478,1.181645632,0.011816456,,,,,
Thinkpad-Intel,key generation,ML-DSA-87,100,1775907488,1775907490,1.291573763,0.012915738,,,,,
Thinkpad-Intel,key generation,SLH-DSA-SHA2-128s,100,1775907503,1775907514,11.76935744,0.117693574,,,,,
Thinkpad-Intel,key generation,SLH-DSA-SHA2-128f,100,1775907762,1775907763,1.41913414,0.014191341,,,,,
Thinkpad-Intel,key generation,SLH-DSA-SHAKE-128s,100,1775907827,1775907841,13.25737286,0.132573729,,,,,
Thinkpad-Intel,key generation,SLH-DSA-SHA2-192s,100,1775907889,1775907905,16.5856874,0.165856874,,,,,
Thinkpad-Intel,key generation,SLH-DSA-SHA2-192f,100,1775907923,1775907924,1.244596958,0.01244597,,,,,
Thinkpad-Intel,key generation,SLH-DSA-SHAKE-192s,100,1775907996,1775908015,18.84850049,0.188485005,,,,,
Thinkpad-Intel,key generation,SLH-DSA-SHA2-256s,100,1775908114,1775908126,11.25895333,0.112589533,,,,,
Thinkpad-Intel,key generation,SLH-DSA-SHA2-256f,100,1775908143,1775908145,1.636405468,0.016364055,,,,,
Thinkpad-Intel,key generation,SLH-DSA-SHAKE-256s,100,1775908158,1775908171,12.84180617,0.128418062,,,,,
Thinkpad-Intel,signatures,RSA-2048,100,1775908185,1775908186,0.487825394,0.004878254,,,,,
Thinkpad-Intel,signatures,ECDSA P-256,100,1775908203,1775908204,0.506770134,0.005067701,,,,,
Thinkpad-Intel,signatures,ML-DSA-44,100,1775908218,1775908218,0.741718292,0.007417183,,,,,
Thinkpad-Intel,signatures,ML-DSA-65,100,1775908237,1775908238,1.018615961,0.01018616,,,,,
Thinkpad-Intel,signatures,ML-DSA-87,100,1775908252,1775908253,0.687982559,0.006879826,,,,,
Thinkpad-Intel,signatures,SLH-DSA-SHA2-128s,100,1775908270,1775908353,82.39905834,0.823990583,,,,,
Thinkpad-Intel,signatures,SLH-DSA-SHA2-128f,100,1775908401,1775908405,4.503129721,0.045031297,,,,,
Thinkpad-Intel,signatures,SLH-DSA-SHAKE-128s,100,1775908421,1775908514,93.212497,0.93212497,,,,,
Thinkpad-Intel,signatures,SLH-DSA-SHA2-192s,100,1775908536,1775908682,145.8609898,1.458609898,,,,,
Thinkpad-Intel,signatures,SLH-DSA-SHA2-192f,100,1775908971,1775908978,7.083338022,0.07083338,,,,,
Thinkpad-Intel,signatures,SLH-DSA-SHAKE-192s,100,1775909066,1775909227,161.2011859,1.612011859,,,,,
Thinkpad-Intel,signatures,SLH-DSA-SHA2-256s,100,1775909254,1775909383,129.4984679,1.294984679,,,,,
Thinkpad-Intel,signatures,SLH-DSA-SHA2-256f,100,1775909405,1775909419,13.94060707,0.139406071,,,,,
Thinkpad-Intel,signatures,SLH-DSA-SHAKE-256s,100,1775909446,1775909588,141.9696558,1.419696558,,,,,
,,,,,,,,,,,,
Thinkpad-AMD,key generation,RSA-2048,100,1775904920,1775904924,4.08355546,0.040835555,,,,,
Thinkpad-AMD,key generation,ECDSA P-256,100,1775904934,1775904935,0.724097252,0.007240973,,,,,
Thinkpad-AMD,key generation,X25519,100,1775905014,1775905015,0.725403547,0.007254035,,,,,
Thinkpad-AMD,key generation,ECDH P-256,100,1775905077,1775905078,0.735871315,0.007358713,,,,,
Thinkpad-AMD,key generation,ML-KEM-512,100,1775905089,1775905089,0.768583298,0.007685833,,,,,
Thinkpad-AMD,key generation,ML-KEM-768,100,1775905099,1775905100,0.77329278,0.007732928,,,,,
Thinkpad-AMD,key generation,ML-KEM-1024,100,1775905121,1775905122,0.766136408,0.007661364,,,,,
Thinkpad-AMD,key generation,ML-DSA-44,100,1775905131,1775905131,0.784250975,0.00784251,,,,,
Thinkpad-AMD,key generation,ML-DSA-65,100,1775905139,1775905139,0.801560402,0.008015604,,,,,
Thinkpad-AMD,key generation,ML-DSA-87,100,1775905150,1775905151,0.797742367,0.007977424,,,,,
Thinkpad-AMD,key generation,SLH-DSA-SHA2-128s,100,1775905162,1775905165,3.296450853,0.032964509,,,,,
Thinkpad-AMD,key generation,SLH-DSA-SHA2-128f,100,1775905174,1775905175,0.797871351,0.007978714,,,,,
Thinkpad-AMD,key generation,SLH-DSA-SHAKE-128s,100,1775905186,1775905194,8.115618706,0.081156187,,,,,
Thinkpad-AMD,key generation,SLH-DSA-SHA2-192s,100,1775905207,1775905212,4.440140963,0.04440141,,,,,
Thinkpad-AMD,key generation,SLH-DSA-SHA2-192f,100,1775905222,1775905222,0.813329697,0.008133297,,,,,
Thinkpad-AMD,key generation,SLH-DSA-SHAKE-192s,100,1775905233,1775905245,11.60704017,0.116070402,,,,,
Thinkpad-AMD,key generation,SLH-DSA-SHA2-256s,100,1775905257,1775905260,3.198982239,0.031989822,,,,,
Thinkpad-AMD,key generation,SLH-DSA-SHA2-256f,100,1775905279,1775905280,0.88699913,0.008869991,,,,,
Thinkpad-AMD,key generation,SLH-DSA-SHAKE-256s,100,1775905292,1775905300,7.946651459,0.079466515,,,,,
Thinkpad-AMD,signatures,RSA-2048,100,1775905312,1775905312,0.327788353,0.003277884,,,,,
Thinkpad-AMD,signatures,ECDSA P-256,100,1775905327,1775905327,0.361906052,0.003619061,,,,,
Thinkpad-AMD,signatures,ML-DSA-44,100,1775905346,1775905346,0.471121788,0.004711218,,,,,
Thinkpad-AMD,signatures,ML-DSA-65,100,1775905371,1775905372,0.500095606,0.005000956,,,,,
Thinkpad-AMD,signatures,ML-DSA-87,100,1775905388,1775905388,0.516644955,0.00516645,,,,,
Thinkpad-AMD,signatures,SLH-DSA-SHA2-128s,100,1775905401,1775905421,19.44771791,0.194477179,,,,,
Thinkpad-AMD,signatures,SLH-DSA-SHA2-128f,100,1775905493,1775905494,1.290518999,0.01290519,,,,,
Thinkpad-AMD,signatures,SLH-DSA-SHAKE-128s,100,1775905510,1775905566,56.08386397,0.56083864,,,,,
Thinkpad-AMD,signatures,SLH-DSA-SHA2-192s,100,1775905581,1775905620,38.73218107,0.387321811,,,,,
Thinkpad-AMD,signatures,SLH-DSA-SHA2-192f,100,1775905634,1775905637,2.05681777,0.020568178,,,,,
Thinkpad-AMD,signatures,SLH-DSA-SHAKE-192s,100,1775905651,1775905750,98.71340203,0.98713402,,,,,
Thinkpad-AMD,signatures,SLH-DSA-SHA2-256s,100,1775905764,1775905800,36.03174663,0.360317466,,,,,
Thinkpad-AMD,signatures,SLH-DSA-SHA2-256f,100,1775905838,1775905842,3.774361849,0.037743618,,,,,
Thinkpad-AMD,signatures,SLH-DSA-SHAKE-256s,100,1775905857,1775905944,86.86797166,0.868679717,,,,,
